1,Zein Obagi ZO Medical Wrinkle Texture Repair 0.5% Retinol,Крем для выравнивания микрорельефа кожи,/catalogue/product/zein_obagi-46427,5070
2,Sesderma Kojicol Plus Skin Lightener Gel,Осветляющий гель,/catalogue/product/sesderma-24499,1987
3,Zein Obagi ZO Skin Health Hydrating Creme,Постпроцедурный крем для эпидермального восстановления кожи,/catalogue/product/zein_obagi-46446,3620
4,Rilastil Aqua Cream Légère,Крем Аква Легере для смешанной и нормальной кожи,/catalogue/product/rilastil-14036,525
5,Sweet Skin System Crema Regenyal Viso,Биоревитализирующий крем с гиалуроновой кислотой для лица,/catalogue/product/sweet_skin_system-23592,0
6,Skin Tech Blending Bleaching Cream,Косметический отбеливающий крем для лица,/catalogue/product/skin_tech-42393,1346
7,Image Skincare Vital C Hydrating Repair Creme,Ночной увлажняющий восстанавливающий крем для лица,/catalogue/product/image_skincare-14211,3400
8,Kanebo Sensai Cellular Performance Lift Remodelling Cream,Подтягивающий моделирующий крем для лица,/catalogue/product/kanebo-30859,7930
9,Kanebo Sensai Cellular Performance Extra Intensive,Экстраинтенсивный антивозрастной крем для лица,/catalogue/product/kanebo-30871,10028
10,Kanebo Sensai Cellular Performance Emulsion III (Super Moist),Эмульсия для очень сухой кожи,/catalogue/product/kanebo-30825,3332
11,Sesderma Daeses Lifting Cream,Лифтинг-крем для лица,/catalogue/product/sesderma-24391,1617
12,Christina Rose De Mer 5 Post Peeling Cover Cream,Постпилинговый тональный защитный крем для лица,/catalogue/product/christina-33144,2055грн1541
13,Valmont Prime Regenera I,Премиум клеточный питательный крем для лица,/catalogue/product/valmont-25033,9239
14,Sweet Skin System Crema Viso АНА 8%,Крем для лица АНА 8%,/catalogue/product/sweet_skin_system-23525,930
15,Christina Elastin Collagen Placental Enzyme Moisture Cream,"Увлажняющий крем с витаминами А, Е и гиалуроновой кислотой для жирной и комбинированной кожи ""Эластин, коллаген, плацентарный фермент""",/catalogue/product/christina-32983,630
16,Image Skincare Daily Matte Moisturizer Oil Free SPF32,Дневной увлажняющий матирующий крем SPF32,/catalogue/product/image_skincare-16886,2244
17,Valmont Elixir des Glaciers Votre Visage,Эликсир ледников Ваше лицо,/catalogue/product/valmont-25185,29532
18,Christina Bio Phyto Zaatar Cream,"Крем для лица ""Заатар""",/catalogue/product/christina-33171,1125
19,Valmont Prime Regenera II,Премиум клеточный супервосстанавливающий питательный крем для лица,/catalogue/product/valmont-25038,10366
20,Sesderma Hidraderm Hyal Cream,Увлажняющий крем для лица,/catalogue/product/sesderma-24513,483
21,Sesderma Acglicolic Classic Nourishing Cream,Питательный крем,/catalogue/product/sesderma-24426,1848
22,Image Skincare Daily Tinted Moisturizer Oil Free SPF30,Дневной увлажняющий тонирующий крем для лица SPF30,/catalogue/product/image_skincare-16917,1836
23,Sesderma Silkses Skin Moisturizing Protector 30 мл,Силксес увлажняющий протектор,/catalogue/product/sesderma-24257,647
24,Declare Hydro Energy Moisture Boost Cream-Gel,Освежающий гидроэнергетический крем-гель,/catalogue/product/declare-2119,996
